Episode,Step,RRT_Score_error
0,0,0.30000000000000004
50,0,999
0,1,0.30000000000000004
